name,hidden_dim,num_layers,lr,dropout,bidirectional,window_size,ExactMatch,Macro F1,Micro F1,Duration,Device,Status,Focal_Alpha,Focal_Gamma,Loss_Type
LSTM-Small-LR1e3-W100,64,1,0.001,0.3,True,100,96.9800000000001,42.42987867290235,57.41496598639456,271.1707978248596,cuda:0,Success,0.75,5.0,Focal
LSTM-Small-LR1e3-W100,64,1,0.001,0.3,True,100,96.95000000000019,42.475169364115324,57.02592087312416,273.6655766963959,cuda:0,Success,0.75,2.0,Focal
LSTM-Small-LR1e3-W100,64,1,0.001,0.3,True,100,97.07999999999998,44.3336495997668,59.29919137466306,273.81276178359985,cuda:0,Success,0.75,3.0,Focal
LSTM-Small-LR1e3-W100,64,1,0.001,0.3,True,100,97.05000000000004,42.491294554391054,57.46164574616457,272.62272357940674,cuda:0,Success,0.75,1.0,Focal
LSTM-Small-LR1e3-W100,64,1,0.001,0.3,True,100,97.3200000000002,42.95985459143354,59.7667638483965,272.1980502605438,cuda:0,Success,0.5,5.0,Focal
LSTM-Small-LR1e3-W100,64,1,0.001,0.3,True,100,97.26000000000012,43.18953379100293,58.84057971014492,273.363322019577,cuda:0,Success,0.5,2.0,Focal
LSTM-Small-LR1e3-W100,64,1,0.001,0.3,True,100,97.20999999999977,42.654958874593405,58.992805755395686,271.6989965438843,cuda:0,Success,0.5,3.0,Focal
LSTM-Small-LR1e3-W200,64,1,0.001,0.3,True,200,97.30000000000022,47.40079342131706,62.00274348422498,275.8330252170563,cuda:0,Success,0.75,5.0,Focal
LSTM-Small-LR1e3-W200,64,1,0.001,0.3,True,200,97.24999999999996,47.33038544740673,61.55913978494624,277.64765977859497,cuda:0,Success,0.75,2.0,Focal
LSTM-Small-LR1e3-W200,64,1,0.001,0.3,True,200,97.15999999999998,46.50297287253809,60.64690026954178,276.50709676742554,cuda:0,Success,0.75,3.0,Focal
LSTM-Small-LR1e3-W200,64,1,0.001,0.3,True,200,97.19,46.844878237622844,60.893098782138026,276.64833641052246,cuda:0,Success,0.75,1.0,Focal
LSTM-Small-LR1e3-W200,64,1,0.001,0.3,True,200,97.46000000000011,46.22868791804608,62.55380200860833,264.40208172798157,cuda:0,Success,0.5,5.0,Focal
LSTM-Small-LR1e3-W200,64,1,0.001,0.3,True,200,97.45999999999995,46.58397316003807,61.7816091954023,263.5096356868744,cuda:0,Success,0.5,2.0,Focal
LSTM-Small-LR1e3-W200,64,1,0.001,0.3,True,200,97.44000000000013,46.81174707572433,62.15827338129497,261.9196593761444,cuda:0,Success,0.5,3.0,Focal
LSTM-Small-LR1e3-W500,64,1,0.001,0.3,True,500,97.22999999999986,47.412659025562256,61.39154160982264,275.84312105178833,cuda:0,Success,0.75,5.0,Focal
LSTM-Small-LR1e3-W500,64,1,0.001,0.3,True,500,97.35999999999987,47.38144191223698,62.51728907330567,277.2195692062378,cuda:0,Success,0.75,2.0,Focal
LSTM-Small-LR1e3-W500,64,1,0.001,0.3,True,500,97.2699999999999,46.55646988047937,61.51724137931035,276.55537843704224,cuda:0,Success,0.75,3.0,Focal
LSTM-Small-LR1e3-W500,64,1,0.001,0.3,True,500,97.28999999999981,47.63583938154458,61.687413554633466,273.7930769920349,cuda:0,Success,0.75,1.0,Focal
LSTM-Small-LR1e3-W500,64,1,0.001,0.3,True,500,97.4500000000002,45.36187773340079,62.02898550724637,271.75350642204285,cuda:0,Success,0.5,5.0,Focal
LSTM-Small-LR1e3-W500,64,1,0.001,0.3,True,500,97.55000000000015,47.60597619603548,63.28011611030478,272.7044713497162,cuda:0,Success,0.5,2.0,Focal
LSTM-Small-LR1e3-W500,64,1,0.001,0.3,True,500,97.4300000000001,46.569276227465394,61.538461538461554,286.04755997657776,cuda:0,Success,0.5,3.0,Focal
LSTM-Small-LR5e4-W100,64,1,0.0005,0.3,True,100,96.93000000000038,42.58459693540843,57.7956989247312,272.4450628757477,cuda:0,Success,0.75,5.0,Focal
LSTM-Small-LR5e4-W100,64,1,0.0005,0.3,True,100,96.99000000000021,43.41171384113782,57.49656121045392,273.78422236442566,cuda:0,Success,0.75,2.0,Focal
LSTM-Small-LR5e4-W100,64,1,0.0005,0.3,True,100,97.00000000000017,42.2460267130291,57.61316872427983,272.62401270866394,cuda:0,Success,0.75,3.0,Focal
LSTM-Small-LR5e4-W100,64,1,0.0005,0.3,True,100,97.07999999999987,43.741774107875806,58.36791147994468,273.5192244052887,cuda:0,Success,0.75,1.0,Focal
LSTM-Small-LR5e4-W100,64,1,0.0005,0.3,True,100,97.38000000000011,42.60632741788891,60.44444444444444,271.9868803024292,cuda:0,Success,0.5,5.0,Focal
LSTM-Small-LR5e4-W100,64,1,0.0005,0.3,True,100,97.45000000000007,44.10838972944236,61.33333333333334,273.45215702056885,cuda:0,Success,0.5,2.0,Focal
LSTM-Small-LR5e4-W100,64,1,0.0005,0.3,True,100,97.3899999999998,43.327716727716734,60.237388724035604,272.9657099246979,cuda:0,Success,0.5,3.0,Focal
LSTM-Small-LR5e4-W200,64,1,0.0005,0.3,True,200,97.15000000000018,46.330804697228864,60.40268456375839,275.73409628868103,cuda:0,Success,0.75,5.0,Focal
LSTM-Small-LR5e4-W200,64,1,0.0005,0.3,True,200,97.13999999999989,46.33289870589047,60.37735849056604,277.19764852523804,cuda:0,Success,0.75,2.0,Focal
LSTM-Small-LR5e4-W200,64,1,0.0005,0.3,True,200,97.05999999999997,46.483365374121675,59.97357992073976,275.6837317943573,cuda:0,Success,0.75,3.0,Focal
LSTM-Small-LR5e4-W200,64,1,0.0005,0.3,True,200,97.19999999999983,46.742541670679266,61.1036339165545,265.7766070365906,cuda:0,Success,0.75,1.0,Focal
LSTM-Small-LR5e4-W200,64,1,0.0005,0.3,True,200,97.30999999999995,45.20886825238013,60.51136363636363,262.9895315170288,cuda:0,Success,0.5,5.0,Focal
LSTM-Small-LR5e4-W200,64,1,0.0005,0.3,True,200,97.40999999999991,47.31327706110315,62.0199146514936,261.63415360450745,cuda:0,Success,0.5,2.0,Focal
LSTM-Small-LR5e4-W200,64,1,0.0005,0.3,True,200,97.34000000000007,45.42842157097929,61.18980169971672,262.92758798599243,cuda:0,Success,0.5,3.0,Focal
LSTM-Small-LR5e4-W500,64,1,0.0005,0.3,True,500,97.23000000000006,47.64272339201082,61.3728129205922,273.7541358470917,cuda:0,Success,0.75,5.0,Focal
LSTM-Small-LR5e4-W500,64,1,0.0005,0.3,True,500,97.15000000000005,46.4912072768375,60.483870967741936,275.73982787132263,cuda:0,Success,0.75,2.0,Focal
LSTM-Small-LR5e4-W500,64,1,0.0005,0.3,True,500,97.2599999999997,47.87463883101202,61.788617886178855,271.86461758613586,cuda:0,Success,0.75,3.0,Focal
LSTM-Small-LR5e4-W500,64,1,0.0005,0.3,True,500,97.29999999999991,47.720797698930554,62.24627875507443,271.18871426582336,cuda:0,Success,0.75,1.0,Focal
LSTM-Small-LR5e4-W500,64,1,0.0005,0.3,True,500,97.45999999999991,48.454123499104135,62.58890469416786,269.00401306152344,cuda:0,Success,0.5,5.0,Focal
LSTM-Small-LR5e4-W500,64,1,0.0005,0.3,True,500,97.45000000000006,47.82995124900749,62.04906204906205,291.4830069541931,cuda:1,Success,0.5,2.0,Focal
LSTM-Small-LR5e4-W500,64,1,0.0005,0.3,True,500,97.50000000000014,48.49715868051286,63.112391930835734,293.35887265205383,cuda:1,Success,0.5,3.0,Focal
LSTM-Small-LR1e4-W100,64,1,0.0001,0.3,True,100,97.03000000000027,42.45319158591272,57.9591836734694,274.6384291648865,cuda:1,Success,0.75,5.0,Focal
LSTM-Small-LR1e4-W100,64,1,0.0001,0.3,True,100,97.11999999999993,42.24994715704925,58.26330532212884,288.2057042121887,cuda:1,Success,0.75,2.0,Focal
LSTM-Small-LR1e4-W100,64,1,0.0001,0.3,True,100,97.11000000000001,42.36368934843446,58.48275862068966,288.575541973114,cuda:1,Success,0.75,3.0,Focal
LSTM-Small-LR1e4-W100,64,1,0.0001,0.3,True,100,97.03999999999972,41.506661378926914,57.579972183588325,286.9073529243469,cuda:1,Success,0.75,1.0,Focal
LSTM-Small-LR1e4-W100,64,1,0.0001,0.3,True,100,97.4800000000001,42.21285566535498,59.04761904761905,287.6671986579895,cuda:1,Success,0.5,5.0,Focal
LSTM-Small-LR1e4-W100,64,1,0.0001,0.3,True,100,97.49000000000018,41.98443190344897,59.305993690851736,288.56161999702454,cuda:1,Success,0.5,2.0,Focal
LSTM-Small-LR1e4-W100,64,1,0.0001,0.3,True,100,97.53000000000026,42.74063345590786,60.28257456828885,287.94114446640015,cuda:1,Success,0.5,3.0,Focal
LSTM-Small-LR1e4-W200,64,1,0.0001,0.3,True,200,97.18000000000005,45.31607116696708,60.72874493927125,294.3415458202362,cuda:1,Success,0.75,5.0,Focal
LSTM-Small-LR1e4-W200,64,1,0.0001,0.3,True,200,97.05999999999996,44.57486069134747,59.94694960212201,304.57485151290894,cuda:1,Success,0.75,2.0,Focal
LSTM-Small-LR1e4-W200,64,1,0.0001,0.3,True,200,97.07999999999974,45.033934187343604,60.21220159151193,323.27954149246216,cuda:1,Success,0.75,3.0,Focal
LSTM-Small-LR1e4-W200,64,1,0.0001,0.3,True,200,97.06000000000013,44.32158144011347,59.73333333333333,323.90580534935,cuda:1,Success,0.75,1.0,Focal
LSTM-Small-LR1e4-W200,64,1,0.0001,0.3,True,200,97.42000000000064,44.660485794838436,60.856720827178734,321.8220841884613,cuda:1,Success,0.5,5.0,Focal
LSTM-Small-LR1e4-W200,64,1,0.0001,0.3,True,200,97.41,43.70867286343127,60.41666666666667,323.60028314590454,cuda:1,Success,0.5,2.0,Focal
LSTM-Small-LR1e4-W200,64,1,0.0001,0.3,True,200,97.40000000000003,43.86372981839419,60.32689450222883,321.09375262260437,cuda:1,Success,0.5,3.0,Focal
LSTM-Small-LR1e4-W500,64,1,0.0001,0.3,True,500,97.16000000000018,46.11082900106025,60.71904127829559,333.5903468132019,cuda:1,Success,0.75,5.0,Focal
LSTM-Small-LR1e4-W500,64,1,0.0001,0.3,True,500,97.2599999999997,46.08561067426678,61.55913978494624,334.26083493232727,cuda:1,Success,0.75,2.0,Focal
LSTM-Small-LR1e4-W500,64,1,0.0001,0.3,True,500,97.19000000000008,46.04969341026058,60.96256684491978,313.19407963752747,cuda:1,Success,0.75,3.0,Focal
LSTM-Small-LR1e4-W500,64,1,0.0001,0.3,True,500,97.24000000000026,46.33291463833674,61.76470588235294,313.6307544708252,cuda:1,Success,0.75,1.0,Focal
LSTM-Small-LR1e4-W500,64,1,0.0001,0.3,True,500,97.61000000000017,46.526950705082754,63.63636363636363,289.34627985954285,cuda:1,Success,0.5,5.0,Focal
LSTM-Small-LR1e4-W500,64,1,0.0001,0.3,True,500,97.5200000000002,45.422477718524824,62.4633431085044,293.4104902744293,cuda:1,Success,0.5,2.0,Focal
LSTM-Small-LR1e4-W500,64,1,0.0001,0.3,True,500,97.52000000000017,45.91245039827544,62.500000000000014,288.9970815181732,cuda:1,Success,0.5,3.0,Focal
LSTM-Medium-LR1e3-W100,128,2,0.001,0.3,True,100,96.8700000000001,39.15681438541463,53.802816901408455,311.7798185348511,cuda:1,Success,0.75,5.0,Focal
LSTM-Medium-LR1e3-W100,128,2,0.001,0.3,True,100,96.76999999999991,40.05569167038413,53.781512605042025,313.2356584072113,cuda:1,Success,0.75,2.0,Focal
LSTM-Medium-LR1e3-W100,128,2,0.001,0.3,True,100,96.71999999999987,40.31466509363036,53.278688524590166,311.99753499031067,cuda:1,Success,0.75,3.0,Focal
LSTM-Medium-LR1e3-W100,128,2,0.001,0.3,True,100,96.78999999999992,40.101563416081156,53.16455696202532,312.9646372795105,cuda:1,Success,0.75,1.0,Focal
LSTM-Medium-LR1e3-W100,128,2,0.001,0.3,True,100,97.13000000000021,41.08159894058978,55.73770491803279,312.13785696029663,cuda:1,Success,0.5,5.0,Focal
LSTM-Medium-LR1e3-W100,128,2,0.001,0.3,True,100,96.97000000000014,38.72312771699274,53.687315634218294,315.65990471839905,cuda:1,Success,0.5,2.0,Focal
LSTM-Medium-LR1e3-W100,128,2,0.001,0.3,True,100,96.89999999999995,39.342091058940895,54.285714285714285,317.0335204601288,cuda:1,Success,0.5,3.0,Focal
LSTM-Medium-LR1e3-W200,128,2,0.001,0.3,True,200,96.92999999999988,40.90791795559359,55.74229691876751,471.97017526626587,cuda:1,Success,0.75,5.0,Focal
LSTM-Medium-LR1e3-W200,128,2,0.001,0.3,True,200,96.95999999999998,42.28007059896753,55.64971751412428,472.5075535774231,cuda:1,Success,0.75,2.0,Focal
LSTM-Medium-LR1e3-W200,128,2,0.001,0.3,True,200,96.93999999999991,42.68897025001658,56.100981767180926,472.3781063556671,cuda:1,Success,0.75,3.0,Focal
LSTM-Medium-LR1e3-W200,128,2,0.001,0.3,True,200,97.02999999999975,41.55972390589442,56.85997171145687,497.6559431552887,cuda:1,Success,0.75,1.0,Focal
LSTM-Medium-LR1e3-W200,128,2,0.001,0.3,True,200,97.09,41.90251944488604,56.85425685425686,549.6861686706543,cuda:1,Success,0.5,5.0,Focal
LSTM-Medium-LR1e3-W200,128,2,0.001,0.3,True,200,97.22000000000016,44.154220005646835,59.312320916905456,579.4440252780914,cuda:1,Success,0.5,2.0,Focal
LSTM-Medium-LR1e3-W200,128,2,0.001,0.3,True,200,97.20999999999961,43.79523681896083,57.979502196193266,713.6552560329437,cuda:1,Success,0.5,3.0,Focal
LSTM-Medium-LR1e3-W500,128,2,0.001,0.3,True,500,97.18999999999981,44.47830779574563,58.591549295774655,1409.7888786792755,cuda:1,Success,0.75,5.0,Focal
LSTM-Medium-LR1e3-W500,128,2,0.001,0.3,True,500,97.0000000000002,41.877932357767506,55.72842998585573,1410.1488552093506,cuda:1,Success,0.75,2.0,Focal
LSTM-Medium-LR1e3-W500,128,2,0.001,0.3,True,500,97.02000000000004,42.01613864632075,55.76102418207681,1409.204184293747,cuda:1,Success,0.75,3.0,Focal
LSTM-Medium-LR1e3-W500,128,2,0.001,0.3,True,500,97.13000000000005,42.2795639672352,56.64233576642336,958.7108225822449,cuda:0,Success,0.75,1.0,Focal
LSTM-Medium-LR1e3-W500,128,2,0.001,0.3,True,500,97.14999999999992,42.544332447328905,56.85131195335278,969.4184710979462,cuda:0,Success,0.5,5.0,Focal
LSTM-Medium-LR1e3-W500,128,2,0.001,0.3,True,500,97.11,41.648794728250685,56.04719764011799,971.2074694633484,cuda:0,Success,0.5,2.0,Focal
LSTM-Medium-LR1e3-W500,128,2,0.001,0.3,True,500,97.20999999999988,42.89428990350128,57.227138643067846,971.3792390823364,cuda:0,Success,0.5,3.0,Focal
LSTM-Medium-LR5e4-W100,128,2,0.0005,0.3,True,100,96.86999999999983,40.53131245836109,54.696132596685075,496.3067798614502,cuda:0,Success,0.75,5.0,Focal
LSTM-Medium-LR5e4-W100,128,2,0.0005,0.3,True,100,96.87000000000006,41.11104850624796,55.401662049861486,474.21192622184753,cuda:0,Success,0.75,2.0,Focal
LSTM-Medium-LR5e4-W100,128,2,0.0005,0.3,True,100,96.78999999999999,39.955827324248375,53.072625698324025,392.1179051399231,cuda:0,Success,0.75,3.0,Focal
LSTM-Medium-LR5e4-W100,128,2,0.0005,0.3,True,100,96.89000000000011,40.68050065876153,54.647887323943664,391.0307767391205,cuda:0,Success,0.75,1.0,Focal
LSTM-Medium-LR5e4-W100,128,2,0.0005,0.3,True,100,97.04000000000012,40.86544876975811,55.28219971056439,392.1577389240265,cuda:0,Success,0.5,5.0,Focal
LSTM-Medium-LR5e4-W100,128,2,0.0005,0.3,True,100,97.04000000000032,41.127834099708046,55.52325581395349,391.2688443660736,cuda:0,Success,0.5,2.0,Focal
LSTM-Medium-LR5e4-W100,128,2,0.0005,0.3,True,100,96.98999999999978,40.96983412519797,55.22174535050072,390.45836210250854,cuda:0,Success,0.5,3.0,Focal
LSTM-Medium-LR5e4-W200,128,2,0.0005,0.3,True,200,96.90000000000002,43.27422111938241,56.75675675675676,531.9950881004333,cuda:0,Success,0.75,5.0,Focal
LSTM-Medium-LR5e4-W200,128,2,0.0005,0.3,True,200,97.04000000000015,44.47371399056792,57.96703296703297,545.7363483905792,cuda:0,Success,0.75,2.0,Focal
LSTM-Medium-LR5e4-W200,128,2,0.0005,0.3,True,200,97.06999999999995,44.43144532772387,58.25242718446603,559.2562766075134,cuda:0,Success,0.75,3.0,Focal
LSTM-Medium-LR5e4-W200,128,2,0.0005,0.3,True,200,97.00000000000006,42.61537354613297,57.417582417582416,556.2077386379242,cuda:0,Success,0.75,1.0,Focal
LSTM-Medium-LR5e4-W200,128,2,0.0005,0.3,True,200,97.15000000000002,42.771273247643734,57.636887608069166,560.7851181030273,cuda:0,Success,0.5,5.0,Focal
LSTM-Medium-LR5e4-W200,128,2,0.0005,0.3,True,200,97.25999999999985,44.52805202140065,59.04486251808972,561.6218223571777,cuda:0,Success,0.5,2.0,Focal
LSTM-Medium-LR5e4-W200,128,2,0.0005,0.3,True,200,97.15999999999998,43.319267777266205,57.388809182209464,558.9616947174072,cuda:0,Success,0.5,3.0,Focal
LSTM-Medium-LR5e4-W500,128,2,0.0005,0.3,True,500,97.00000000000003,42.7301789419786,56.661991584852736,931.2574000358582,cuda:0,Success,0.75,5.0,Focal
LSTM-Medium-LR5e4-W500,128,2,0.0005,0.3,True,500,97.05000000000015,43.542587471872025,57.14285714285714,958.4287617206573,cuda:0,Success,0.75,2.0,Focal
LSTM-Medium-LR5e4-W500,128,2,0.0005,0.3,True,500,97.13999999999999,43.80747022711303,58.543417366946784,963.2247123718262,cuda:0,Success,0.75,3.0,Focal
LSTM-Medium-LR5e4-W500,128,2,0.0005,0.3,True,500,97.13000000000004,43.07271255358687,57.714285714285715,967.2181286811829,cuda:0,Success,0.75,1.0,Focal
LSTM-Medium-LR5e4-W500,128,2,0.0005,0.3,True,500,97.32999999999991,43.60004686401624,58.84101040118871,970.100679397583,cuda:0,Success,0.5,5.0,Focal
LSTM-Medium-LR5e4-W500,128,2,0.0005,0.3,True,500,97.3099999999999,44.239488655337176,59.32452276064611,965.2219171524048,cuda:0,Success,0.5,2.0,Focal
LSTM-Medium-LR5e4-W500,128,2,0.0005,0.3,True,500,97.2400000000001,44.0695573632644,57.82414307004471,877.7362279891968,cuda:0,Success,0.5,3.0,Focal
LSTM-Medium-LR1e4-W100,128,2,0.0001,0.3,True,100,96.93999999999977,41.80532296593181,56.71232876712329,390.45809745788574,cuda:0,Success,0.75,5.0,Focal
LSTM-Medium-LR1e4-W100,128,2,0.0001,0.3,True,100,97.09000000000003,43.56198610022627,58.05555555555556,388.83700251579285,cuda:0,Success,0.75,2.0,Focal
LSTM-Medium-LR1e4-W100,128,2,0.0001,0.3,True,100,96.99000000000044,42.796362552176504,57.14285714285714,388.8973562717438,cuda:0,Success,0.75,3.0,Focal
LSTM-Medium-LR1e4-W100,128,2,0.0001,0.3,True,100,97.12000000000019,44.333207724917564,58.72576177285319,389.6202313899994,cuda:0,Success,0.75,1.0,Focal
LSTM-Medium-LR1e4-W100,128,2,0.0001,0.3,True,100,97.35999999999983,43.095709486450914,60.0,389.70462012290955,cuda:0,Success,0.5,5.0,Focal
LSTM-Medium-LR1e4-W100,128,2,0.0001,0.3,True,100,97.27999999999994,43.907483696530356,58.94428152492669,431.48376727104187,cuda:0,Success,0.5,2.0,Focal
LSTM-Medium-LR1e4-W100,128,2,0.0001,0.3,True,100,97.38999999999983,45.105420048967055,60.52631578947369,445.7832384109497,cuda:0,Success,0.5,3.0,Focal
LSTM-Medium-LR1e4-W200,128,2,0.0001,0.3,True,200,96.8799999999999,43.57918628354076,57.48344370860927,559.3542575836182,cuda:0,Success,0.75,5.0,Focal
LSTM-Medium-LR1e4-W200,128,2,0.0001,0.3,True,200,97.13000000000034,45.67174913693901,59.867549668874176,555.7411634922028,cuda:0,Success,0.75,2.0,Focal
LSTM-Medium-LR1e4-W200,128,2,0.0001,0.3,True,200,97.0500000000001,44.495654410832536,58.4,558.739385843277,cuda:0,Success,0.75,3.0,Focal
LSTM-Medium-LR1e4-W200,128,2,0.0001,0.3,True,200,97.01999999999983,45.1535631310921,59.121171770972026,560.1917388439178,cuda:0,Success,0.75,1.0,Focal
LSTM-Medium-LR1e4-W200,128,2,0.0001,0.3,True,200,97.25000000000018,44.15325508777663,59.45945945945945,559.8183922767639,cuda:0,Success,0.5,5.0,Focal
LSTM-Medium-LR1e4-W200,128,2,0.0001,0.3,True,200,97.30000000000024,45.53518167264256,60.14184397163122,570.1019368171692,cuda:0,Success,0.5,2.0,Focal
LSTM-Medium-LR1e4-W200,128,2,0.0001,0.3,True,200,97.33999999999997,46.040279654675615,61.016949152542374,583.5855665206909,cuda:0,Success,0.5,3.0,Focal
LSTM-Medium-LR1e4-W500,128,2,0.0001,0.3,True,500,96.9900000000003,45.37013491858884,58.3883751651255,965.145519733429,cuda:0,Success,0.75,5.0,Focal
LSTM-Medium-LR1e4-W500,128,2,0.0001,0.3,True,500,97.10000000000028,45.06805051239579,58.807588075880766,1399.9870069026947,cuda:1,Success,0.75,2.0,Focal
LSTM-Medium-LR1e4-W500,128,2,0.0001,0.3,True,500,96.97999999999976,45.02904464417611,58.27814569536424,1410.5524961948395,cuda:1,Success,0.75,3.0,Focal
LSTM-Medium-LR1e4-W500,128,2,0.0001,0.3,True,500,97.16000000000004,45.92757693021833,59.972862957937586,1409.9786896705627,cuda:1,Success,0.75,1.0,Focal
LSTM-Medium-LR1e4-W500,128,2,0.0001,0.3,True,500,97.30000000000032,45.34539703214402,60.451977401129945,1409.5665216445923,cuda:1,Success,0.5,5.0,Focal
LSTM-Medium-LR1e4-W500,128,2,0.0001,0.3,True,500,97.24000000000025,43.37767221475086,59.312320916905456,1409.7452809810638,cuda:1,Success,0.5,2.0,Focal
LSTM-Medium-LR1e4-W500,128,2,0.0001,0.3,True,500,97.26000000000005,44.544607304541515,59.14285714285714,1408.4894573688507,cuda:1,Success,0.5,3.0,Focal
LSTM-Medium-LR5e5-W100,128,2,5e-05,0.3,True,100,97.12999999999985,42.63748705506947,58.5635359116022,503.59697914123535,cuda:1,Success,0.75,5.0,Focal
LSTM-Medium-LR5e5-W100,128,2,5e-05,0.3,True,100,97.18999999999984,43.31066428888952,58.97079276773296,501.09674739837646,cuda:1,Success,0.75,2.0,Focal
LSTM-Medium-LR5e5-W100,128,2,5e-05,0.3,True,100,97.18000000000012,43.001733633669254,59.0027700831025,500.97176599502563,cuda:1,Success,0.75,3.0,Focal
LSTM-Medium-LR5e5-W100,128,2,5e-05,0.3,True,100,97.06999999999985,42.6501019623575,57.73480662983425,499.7721872329712,cuda:1,Success,0.75,1.0,Focal
LSTM-Medium-LR5e5-W100,128,2,5e-05,0.3,True,100,97.50000000000009,42.457089558660044,59.4679186228482,501.29316997528076,cuda:1,Success,0.5,5.0,Focal
LSTM-Medium-LR5e5-W100,128,2,5e-05,0.3,True,100,97.49000000000022,43.374762950485426,60.57838660578386,501.42459511756897,cuda:1,Success,0.5,2.0,Focal
LSTM-Medium-LR5e5-W100,128,2,5e-05,0.3,True,100,97.55000000000024,43.728662909680544,61.37404580152672,500.558322429657,cuda:1,Success,0.5,3.0,Focal
LSTM-Medium-LR5e5-W200,128,2,5e-05,0.3,True,200,97.11999999999993,45.1418857809532,60.215053763440864,736.3962602615356,cuda:1,Success,0.75,5.0,Focal
LSTM-Medium-LR5e5-W200,128,2,5e-05,0.3,True,200,97.11000000000034,45.04313559120679,60.08010680907877,733.3276181221008,cuda:1,Success,0.75,2.0,Focal
LSTM-Medium-LR5e5-W200,128,2,5e-05,0.3,True,200,97.14000000000034,45.466223213819,60.32171581769437,717.1713092327118,cuda:1,Success,0.75,3.0,Focal
LSTM-Medium-LR5e5-W200,128,2,5e-05,0.3,True,200,97.02000000000008,44.05150562249191,59.121171770972026,656.3289067745209,cuda:1,Success,0.75,1.0,Focal
LSTM-Medium-LR5e5-W200,128,2,5e-05,0.3,True,200,97.33999999999969,44.194305990896495,60.23054755043227,595.9327833652496,cuda:1,Success,0.5,5.0,Focal
LSTM-Medium-LR5e5-W200,128,2,5e-05,0.3,True,200,97.45999999999997,45.85767733342441,62.482168330955766,583.1329078674316,cuda:1,Success,0.5,2.0,Focal
LSTM-Medium-LR5e5-W200,128,2,5e-05,0.3,True,200,97.44000000000013,45.71454853795159,62.0,582.5791523456573,cuda:1,Success,0.5,3.0,Focal
LSTM-Medium-LR5e5-W500,128,2,5e-05,0.3,True,500,97.05000000000011,46.499773915956496,60.411311053984576,1409.1109189987183,cuda:1,Success,0.75,5.0,Focal
LSTM-Medium-LR5e5-W500,128,2,5e-05,0.3,True,500,97.1799999999998,46.395899903425615,60.45272969374168,1408.797519683838,cuda:1,Success,0.75,2.0,Focal
LSTM-Medium-LR5e5-W500,128,2,5e-05,0.3,True,500,97.10999999999989,46.76604240362952,60.4954367666232,1359.7134518623352,cuda:1,Success,0.75,3.0,Focal
LSTM-Medium-LR5e5-W500,128,2,5e-05,0.3,True,500,97.15999999999988,45.61914514355065,60.742705570291776,1309.9250359535217,cuda:1,Success,0.75,1.0,Focal
LSTM-Medium-LR5e5-W500,128,2,5e-05,0.3,True,500,97.44000000000014,45.81618554088062,62.1082621082621,1311.7537381649017,cuda:1,Success,0.5,5.0,Focal
LSTM-Medium-LR5e5-W500,128,2,5e-05,0.3,True,500,97.48999999999995,47.96521240240465,62.643678160919535,1362.7127854824066,cuda:1,Success,0.5,2.0,Focal
LSTM-Medium-LR5e5-W500,128,2,5e-05,0.3,True,500,97.46000000000016,47.56165318955639,62.177650429799435,1387.9795534610748,cuda:1,Success,0.5,3.0,Focal
LSTM-Large-LR1e3-W100,256,2,0.001,0.3,True,100,96.88999999999976,40.21596813500218,54.41595441595442,370.1588706970215,cuda:1,Success,0.75,5.0,Focal
LSTM-Large-LR1e3-W100,256,2,0.001,0.3,True,100,96.69000000000015,39.90113577972478,52.63157894736842,368.62161326408386,cuda:1,Success,0.75,2.0,Focal
LSTM-Large-LR1e3-W100,256,2,0.001,0.3,True,100,96.84000000000019,40.03036449279104,53.182461103253175,372.401896238327,cuda:1,Success,0.75,3.0,Focal
LSTM-Large-LR1e3-W100,256,2,0.001,0.3,True,100,96.85999999999994,41.00217932737328,54.79833101529904,374.9969274997711,cuda:1,Success,0.75,1.0,Focal
LSTM-Large-LR1e3-W100,256,2,0.001,0.3,True,100,96.90999999999977,38.215219263621094,52.45901639344264,374.841459274292,cuda:1,Success,0.5,5.0,Focal
LSTM-Large-LR1e3-W100,256,2,0.001,0.3,True,100,96.86999999999995,39.17366312273552,52.6928675400291,355.980566740036,cuda:1,Success,0.5,2.0,Focal
LSTM-Large-LR1e3-W100,256,2,0.001,0.3,True,100,96.85000000000026,37.94876335612126,52.41581259150806,335.58909130096436,cuda:1,Success,0.5,3.0,Focal
LSTM-Large-LR1e3-W200,256,2,0.001,0.3,True,200,96.8700000000001,41.678878975154596,54.95118549511856,357.79480624198914,cuda:1,Success,0.75,5.0,Focal
LSTM-Large-LR1e3-W200,256,2,0.001,0.3,True,200,96.83999999999996,41.43320809130388,54.82517482517481,379.8995280265808,cuda:1,Success,0.75,2.0,Focal
LSTM-Large-LR1e3-W200,256,2,0.001,0.3,True,200,96.94000000000005,41.39865526926486,55.30085959885387,404.7811622619629,cuda:1,Success,0.75,3.0,Focal
LSTM-Large-LR1e3-W200,256,2,0.001,0.3,True,200,96.8299999999999,42.485360574420774,54.89655172413792,405.0060908794403,cuda:1,Success,0.75,1.0,Focal
LSTM-Large-LR1e3-W200,256,2,0.001,0.3,True,200,97.1599999999998,42.94091130815696,57.434402332361515,404.0771589279175,cuda:1,Success,0.5,5.0,Focal
LSTM-Large-LR1e3-W200,256,2,0.001,0.3,True,200,96.95999999999997,41.39987732908087,55.50786838340487,403.5751779079437,cuda:1,Success,0.5,2.0,Focal
LSTM-Large-LR1e3-W200,256,2,0.001,0.3,True,200,96.93000000000006,40.19340166033813,54.33526011560694,327.5803303718567,cuda:0,Success,0.5,3.0,Focal
LSTM-Large-LR1e3-W500,256,2,0.001,0.3,True,500,97.08000000000015,43.35384286808408,57.18309859154931,383.24855399131775,cuda:0,Success,0.75,5.0,Focal
LSTM-Large-LR1e3-W500,256,2,0.001,0.3,True,500,96.94999999999993,40.88585827067133,54.28156748911466,449.1679186820984,cuda:0,Success,0.75,2.0,Focal
LSTM-Large-LR1e3-W500,256,2,0.001,0.3,True,500,97.00999999999989,42.31632720412117,55.92011412268189,459.1896960735321,cuda:0,Success,0.75,3.0,Focal
LSTM-Large-LR1e3-W500,256,2,0.001,0.3,True,500,96.85000000000016,39.61651693289521,53.00859598853869,460.06346440315247,cuda:0,Success,0.75,1.0,Focal
LSTM-Large-LR1e3-W500,256,2,0.001,0.3,True,500,97.03000000000003,42.59887208978728,55.8273381294964,458.46355056762695,cuda:0,Success,0.5,5.0,Focal
LSTM-Large-LR1e3-W500,256,2,0.001,0.3,True,500,96.99999999999983,41.409513896805294,54.38335809806835,455.8445179462433,cuda:0,Success,0.5,2.0,Focal
LSTM-Large-LR1e3-W500,256,2,0.001,0.3,True,500,96.97000000000018,40.64020135842911,53.925925925925924,455.5164864063263,cuda:0,Success,0.5,3.0,Focal
LSTM-Large-LR5e4-W100,256,2,0.0005,0.3,True,100,96.89000000000016,40.62384937363164,54.44444444444445,337.55436539649963,cuda:0,Success,0.75,5.0,Focal
LSTM-Large-LR5e4-W100,256,2,0.0005,0.3,True,100,96.81000000000027,41.15617610712983,54.74552957359009,307.09153032302856,cuda:0,Success,0.75,2.0,Focal
LSTM-Large-LR5e4-W100,256,2,0.0005,0.3,True,100,96.79000000000002,39.6674981112827,54.320987654320994,298.8558180332184,cuda:0,Success,0.75,3.0,Focal
LSTM-Large-LR5e4-W100,256,2,0.0005,0.3,True,100,96.78999999999974,40.90614522262766,54.14364640883977,298.30026841163635,cuda:0,Success,0.75,1.0,Focal
LSTM-Large-LR5e4-W100,256,2,0.0005,0.3,True,100,96.9600000000002,40.20838156592347,53.93586005830904,321.9678099155426,cuda:0,Success,0.5,5.0,Focal
LSTM-Large-LR5e4-W100,256,2,0.0005,0.3,True,100,96.94000000000003,39.85094563556102,54.67625899280576,324.9933214187622,cuda:0,Success,0.5,2.0,Focal
LSTM-Large-LR5e4-W100,256,2,0.0005,0.3,True,100,96.95999999999995,39.92022638883947,55.0932568149211,324.008686542511,cuda:0,Success,0.5,3.0,Focal
LSTM-Large-LR5e4-W200,256,2,0.0005,0.3,True,200,97.01000000000002,43.88112705331751,57.931034482758626,320.8155882358551,cuda:0,Success,0.75,5.0,Focal
LSTM-Large-LR5e4-W200,256,2,0.0005,0.3,True,200,96.9600000000002,42.43294239281445,56.703910614525135,319.6287362575531,cuda:0,Success,0.75,2.0,Focal
LSTM-Large-LR5e4-W200,256,2,0.0005,0.3,True,200,96.97000000000024,43.393547393547394,57.57162346521147,318.89443159103394,cuda:0,Success,0.75,3.0,Focal
LSTM-Large-LR5e4-W200,256,2,0.0005,0.3,True,200,97.03,42.41324502861829,56.69957686882934,320.2732198238373,cuda:0,Success,0.75,1.0,Focal
LSTM-Large-LR5e4-W200,256,2,0.0005,0.3,True,200,97.0700000000002,43.77063261543939,56.64739884393064,318.58507800102234,cuda:0,Success,0.5,5.0,Focal
LSTM-Large-LR5e4-W200,256,2,0.0005,0.3,True,200,97.06000000000016,42.936999240752776,57.22379603399433,315.2365610599518,cuda:0,Success,0.5,2.0,Focal
LSTM-Large-LR5e4-W200,256,2,0.0005,0.3,True,200,97.12999999999994,44.00976881737526,57.91726105563482,377.704381942749,cuda:0,Success,0.5,3.0,Focal
LSTM-Large-LR5e4-W500,256,2,0.0005,0.3,True,500,97.09000000000036,45.50296012131578,59.2087312414734,461.28011655807495,cuda:0,Success,0.75,5.0,Focal
LSTM-Large-LR5e4-W500,256,2,0.0005,0.3,True,500,96.83999999999996,40.62606559512202,54.1607898448519,459.59751415252686,cuda:0,Success,0.75,2.0,Focal
LSTM-Large-LR5e4-W500,256,2,0.0005,0.3,True,500,96.98000000000013,41.863971746324694,55.63480741797433,461.11337757110596,cuda:0,Success,0.75,3.0,Focal
LSTM-Large-LR5e4-W500,256,2,0.0005,0.3,True,500,96.91999999999967,40.92380387513002,53.70101596516691,459.91396474838257,cuda:0,Success,0.75,1.0,Focal
LSTM-Large-LR5e4-W500,256,2,0.0005,0.3,True,500,97.05000000000035,43.19195020665609,56.73352435530086,455.0770797729492,cuda:0,Success,0.5,5.0,Focal
LSTM-Large-LR5e4-W500,256,2,0.0005,0.3,True,500,96.99999999999986,41.2164158523509,55.152394775036285,441.97236371040344,cuda:0,Success,0.5,2.0,Focal
LSTM-Large-LR5e4-W500,256,2,0.0005,0.3,True,500,96.98000000000017,40.53834921992033,54.33186490455213,350.5250201225281,cuda:0,Success,0.5,3.0,Focal
LSTM-Large-LR1e4-W100,256,2,0.0001,0.3,True,100,96.9599999999999,44.298399037143945,58.47797062750334,298.72787046432495,cuda:0,Success,0.75,5.0,Focal
LSTM-Large-LR1e4-W100,256,2,0.0001,0.3,True,100,96.94999999999987,42.003030045165666,55.94405594405594,298.52810740470886,cuda:0,Success,0.75,2.0,Focal
LSTM-Large-LR1e4-W100,256,2,0.0001,0.3,True,100,96.93999999999997,42.763094252279764,56.593406593406606,301.59634137153625,cuda:0,Success,0.75,3.0,Focal
LSTM-Large-LR1e4-W100,256,2,0.0001,0.3,True,100,96.99000000000031,42.51730072063855,56.50969529085873,324.2215142250061,cuda:0,Success,0.75,1.0,Focal
LSTM-Large-LR1e4-W100,256,2,0.0001,0.3,True,100,97.21999999999976,42.893409653158265,58.63570391872278,322.71872758865356,cuda:0,Success,0.5,5.0,Focal
LSTM-Large-LR1e4-W100,256,2,0.0001,0.3,True,100,97.21999999999949,43.166379040388215,57.771260997067444,322.2821555137634,cuda:0,Success,0.5,2.0,Focal
LSTM-Large-LR1e4-W100,256,2,0.0001,0.3,True,100,97.25000000000001,42.796903416063806,57.61194029850747,313.60790514945984,cuda:0,Success,0.5,3.0,Focal
LSTM-Large-LR1e4-W200,256,2,0.0001,0.3,True,200,96.85999999999996,43.88099742807721,57.40498034076016,317.2037363052368,cuda:0,Success,0.75,5.0,Focal
LSTM-Large-LR1e4-W200,256,2,0.0001,0.3,True,200,97.04000000000002,43.91022017059422,57.76566757493189,317.1675636768341,cuda:0,Success,0.75,2.0,Focal
LSTM-Large-LR1e4-W200,256,2,0.0001,0.3,True,200,97.0500000000002,44.45991238759053,58.41184387617766,318.1410086154938,cuda:0,Success,0.75,3.0,Focal
LSTM-Large-LR1e4-W200,256,2,0.0001,0.3,True,200,96.9800000000001,43.56750061873469,57.33512786002692,318.3815903663635,cuda:0,Success,0.75,1.0,Focal
LSTM-Large-LR1e4-W200,256,2,0.0001,0.3,True,200,97.26000000000013,45.31732199853119,60.0280504908836,336.37837743759155,cuda:1,Success,0.5,5.0,Focal
LSTM-Large-LR1e4-W200,256,2,0.0001,0.3,True,200,97.20999999999988,44.127687578244995,58.48787446504993,348.8083403110504,cuda:1,Success,0.5,2.0,Focal
LSTM-Large-LR1e4-W200,256,2,0.0001,0.3,True,200,97.1700000000003,44.304737025426675,58.309859154929576,358.45471024513245,cuda:1,Success,0.5,3.0,Focal
LSTM-Large-LR1e4-W500,256,2,0.0001,0.3,True,500,97.08000000000021,44.80303226496414,58.87096774193547,456.5217459201813,cuda:1,Success,0.75,5.0,Focal
LSTM-Large-LR1e4-W500,256,2,0.0001,0.3,True,500,97.11000000000031,44.072534371930374,59.2087312414734,457.3032155036926,cuda:1,Success,0.75,2.0,Focal
LSTM-Large-LR1e4-W500,256,2,0.0001,0.3,True,500,97.08000000000024,44.25448028673836,58.469945355191264,457.72243213653564,cuda:1,Success,0.75,3.0,Focal
LSTM-Large-LR1e4-W500,256,2,0.0001,0.3,True,500,97.15,44.413195793136914,58.62552594670407,467.77728033065796,cuda:1,Success,0.75,1.0,Focal
LSTM-Large-LR1e4-W500,256,2,0.0001,0.3,True,500,97.27000000000008,44.81723221184436,59.65909090909092,525.8408904075623,cuda:1,Success,0.5,5.0,Focal
LSTM-Large-LR1e4-W500,256,2,0.0001,0.3,True,500,97.17999999999991,43.531569854150504,58.092485549132945,527.3199427127838,cuda:1,Success,0.5,2.0,Focal
LSTM-Large-LR1e4-W500,256,2,0.0001,0.3,True,500,97.07,43.0705725431621,57.14285714285714,525.2514514923096,cuda:1,Success,0.5,3.0,Focal
LSTM-Large-LR5e5-W100,256,2,5e-05,0.3,True,100,97.10000000000021,43.48533759271429,58.984910836762694,355.89791464805603,cuda:1,Success,0.75,5.0,Focal
LSTM-Large-LR5e5-W100,256,2,5e-05,0.3,True,100,97.01999999999997,44.1893349230028,57.7716643741403,355.7464096546173,cuda:1,Success,0.75,2.0,Focal
LSTM-Large-LR5e5-W100,256,2,5e-05,0.3,True,100,96.93999999999993,43.08625284933794,57.37483085250338,353.4361021518707,cuda:1,Success,0.75,3.0,Focal
LSTM-Large-LR5e5-W100,256,2,5e-05,0.3,True,100,97.0900000000002,44.126939199152396,58.333333333333336,354.26740527153015,cuda:1,Success,0.75,1.0,Focal
LSTM-Large-LR5e5-W100,256,2,5e-05,0.3,True,100,97.46000000000006,43.93849171302256,61.011904761904766,357.8661277294159,cuda:1,Success,0.5,5.0,Focal
LSTM-Large-LR5e5-W100,256,2,5e-05,0.3,True,100,97.32999999999996,43.01524617842244,59.411764705882355,358.85913014411926,cuda:1,Success,0.5,2.0,Focal
LSTM-Large-LR5e5-W100,256,2,5e-05,0.3,True,100,97.42000000000031,43.69641320313966,60.534124629080125,359.1860935688019,cuda:1,Success,0.5,3.0,Focal
LSTM-Large-LR5e5-W200,256,2,5e-05,0.3,True,200,96.85000000000024,44.27880789353923,58.05626598465472,416.1500720977783,cuda:1,Success,0.75,5.0,Focal
LSTM-Large-LR5e5-W200,256,2,5e-05,0.3,True,200,97.05000000000013,46.10709388516756,59.602649006622514,415.7387433052063,cuda:1,Success,0.75,2.0,Focal
LSTM-Large-LR5e5-W200,256,2,5e-05,0.3,True,200,96.97000000000013,45.77567704005581,59.03771131339401,415.84718012809753,cuda:1,Success,0.75,3.0,Focal
LSTM-Large-LR5e5-W200,256,2,5e-05,0.3,True,200,97.08000000000007,45.885157075333765,59.546061415220294,378.7113904953003,cuda:0,Success,0.75,1.0,Focal
LSTM-Large-LR5e5-W200,256,2,5e-05,0.3,True,200,97.32000000000014,45.145392114647855,61.04078762306611,385.4477434158325,cuda:0,Success,0.5,5.0,Focal
LSTM-Large-LR5e5-W200,256,2,5e-05,0.3,True,200,97.30000000000001,46.0197910293724,60.11396011396012,385.9060695171356,cuda:0,Success,0.5,2.0,Focal
LSTM-Large-LR5e5-W200,256,2,5e-05,0.3,True,200,97.32000000000002,45.22484886942,60.62322946175638,385.0238914489746,cuda:0,Success,0.5,3.0,Focal
LSTM-Large-LR5e5-W500,256,2,5e-05,0.3,True,500,96.96000000000004,46.144348699474904,59.20205920205919,485.8610270023346,cuda:0,Success,0.75,5.0,Focal
LSTM-Large-LR5e5-W500,256,2,5e-05,0.3,True,500,97.05,45.33000330751254,58.68102288021534,481.90404200553894,cuda:0,Success,0.75,2.0,Focal
LSTM-Large-LR5e5-W500,256,2,5e-05,0.3,True,500,97.12000000000003,46.36466617689619,60.23778071334214,492.9664762020111,cuda:0,Success,0.75,3.0,Focal
LSTM-Large-LR5e5-W500,256,2,5e-05,0.3,True,500,97.13000000000032,46.14673573987649,59.97322623828647,495.1982674598694,cuda:0,Success,0.75,1.0,Focal
LSTM-Large-LR5e5-W500,256,2,5e-05,0.3,True,500,97.39000000000017,47.39777986712254,61.88466947960619,499.4047865867615,cuda:0,Success,0.5,5.0,Focal
LSTM-Large-LR5e5-W500,256,2,5e-05,0.3,True,500,97.31999999999978,44.0577568156732,59.7997138769671,496.2021300792694,cuda:0,Success,0.5,2.0,Focal
LSTM-Large-LR5e5-W500,256,2,5e-05,0.3,True,500,97.33999999999993,46.050333919129066,60.65808297567954,499.86129665374756,cuda:0,Success,0.5,3.0,Focal
LSTM-XLarge-LR5e4-W100,256,3,0.0005,0.3,True,100,96.66000000000012,38.23598624406734,51.45228215767634,596.8019585609436,cuda:0,Success,0.75,5.0,Focal
LSTM-XLarge-LR5e4-W100,256,3,0.0005,0.3,True,100,96.57999999999983,38.14347690767128,51.02880658436215,602.6189289093018,cuda:0,Success,0.75,2.0,Focal
LSTM-XLarge-LR5e4-W100,256,3,0.0005,0.3,True,100,96.52000000000002,37.72448533905074,49.86072423398329,601.036863565445,cuda:0,Success,0.75,3.0,Focal
LSTM-XLarge-LR5e4-W100,256,3,0.0005,0.3,True,100,96.42999999999998,36.13044794188862,49.45652173913043,601.8519263267517,cuda:0,Success,0.75,1.0,Focal
LSTM-XLarge-LR5e4-W100,256,3,0.0005,0.3,True,100,96.71000000000008,37.283751988871145,50.862068965517246,583.2750384807587,cuda:0,Success,0.5,5.0,Focal
LSTM-XLarge-LR5e4-W100,256,3,0.0005,0.3,True,100,96.79999999999995,37.774044180915396,51.2893982808023,558.5297796726227,cuda:0,Success,0.5,2.0,Focal
LSTM-XLarge-LR5e4-W100,256,3,0.0005,0.3,True,100,96.84000000000002,39.10032768737646,52.69121813031161,553.2021884918213,cuda:0,Success,0.5,3.0,Focal
LSTM-XLarge-LR5e4-W200,256,3,0.0005,0.3,True,200,96.63999999999989,39.933911067646186,52.066115702479344,575.0224664211273,cuda:0,Success,0.75,5.0,Focal
LSTM-XLarge-LR5e4-W200,256,3,0.0005,0.3,True,200,96.66000000000015,38.96506003648861,52.84552845528455,576.7811508178711,cuda:0,Success,0.75,2.0,Focal
LSTM-XLarge-LR5e4-W200,256,3,0.0005,0.3,True,200,96.6599999999999,40.67546897956532,52.83018867924528,495.99445939064026,cuda:0,Success,0.75,3.0,Focal
LSTM-XLarge-LR5e4-W200,256,3,0.0005,0.3,True,200,96.63999999999982,39.93441154428046,51.91256830601094,502.0108003616333,cuda:0,Success,0.75,1.0,Focal
LSTM-XLarge-LR5e4-W200,256,3,0.0005,0.3,True,200,96.76999999999975,39.75693446248272,52.2111269614836,500.9386291503906,cuda:0,Success,0.5,5.0,Focal
LSTM-XLarge-LR5e4-W200,256,3,0.0005,0.3,True,200,96.7900000000001,38.241083873329906,51.798561151079134,571.5384187698364,cuda:0,Success,0.5,2.0,Focal
LSTM-XLarge-LR5e4-W200,256,3,0.0005,0.3,True,200,96.99000000000015,40.61604655395627,54.545454545454554,568.7541370391846,cuda:0,Success,0.5,3.0,Focal
LSTM-XLarge-LR5e4-W500,256,3,0.0005,0.3,True,500,96.53999999999982,40.29000566891666,51.80240320427235,711.5333843231201,cuda:0,Success,0.75,5.0,Focal
LSTM-XLarge-LR5e4-W500,256,3,0.0005,0.3,True,500,96.68999999999984,39.24455077086656,50.85227272727274,709.7171905040741,cuda:0,Success,0.75,2.0,Focal
LSTM-XLarge-LR5e4-W500,256,3,0.0005,0.3,True,500,96.69000000000011,40.092105303567756,52.35457063711911,712.3229036331177,cuda:0,Success,0.75,3.0,Focal
LSTM-XLarge-LR5e4-W500,256,3,0.0005,0.3,True,500,96.8900000000001,41.42094197189486,53.92296718972895,718.7538027763367,cuda:0,Success,0.75,1.0,Focal
LSTM-XLarge-LR5e4-W500,256,3,0.0005,0.3,True,500,96.80999999999985,39.6083552531035,52.76595744680851,730.1894600391388,cuda:0,Success,0.5,5.0,Focal
LSTM-XLarge-LR5e4-W500,256,3,0.0005,0.3,True,500,96.8499999999997,38.67094979415007,51.266766020864374,728.3754758834839,cuda:0,Success,0.5,2.0,Focal
LSTM-XLarge-LR5e4-W500,256,3,0.0005,0.3,True,500,96.80999999999985,38.984404817741094,52.42165242165242,731.4872739315033,cuda:0,Success,0.5,3.0,Focal
LSTM-XLarge-LR1e4-W100,256,3,0.0001,0.3,True,100,96.81000000000019,40.96222682559979,55.72005383580081,558.9807879924774,cuda:0,Success,0.75,5.0,Focal
LSTM-XLarge-LR1e4-W100,256,3,0.0001,0.3,True,100,96.95000000000029,41.11645094293851,56.06694560669456,556.5194947719574,cuda:0,Success,0.75,2.0,Focal
LSTM-XLarge-LR1e4-W100,256,3,0.0001,0.3,True,100,96.82999999999984,40.783883754003426,53.96383866481224,565.1385455131531,cuda:0,Success,0.75,3.0,Focal
LSTM-XLarge-LR1e4-W100,256,3,0.0001,0.3,True,100,97.1100000000001,43.07128869277029,58.07365439093485,575.4245364665985,cuda:0,Success,0.75,1.0,Focal
LSTM-XLarge-LR1e4-W100,256,3,0.0001,0.3,True,100,97.01999999999998,40.48996992946754,55.954088952654246,534.0611386299133,cuda:0,Success,0.5,5.0,Focal
LSTM-XLarge-LR1e4-W100,256,3,0.0001,0.3,True,100,97.07999999999997,41.93623455373086,56.395348837209305,502.42887353897095,cuda:0,Success,0.5,2.0,Focal
LSTM-XLarge-LR1e4-W100,256,3,0.0001,0.3,True,100,97.07999999999998,41.87776753610797,56.27705627705628,501.13579511642456,cuda:0,Success,0.5,3.0,Focal
LSTM-XLarge-LR1e4-W200,256,3,0.0001,0.3,True,200,96.81999999999991,41.761738261738266,55.65912117177098,528.7443609237671,cuda:0,Success,0.75,5.0,Focal
LSTM-XLarge-LR1e4-W200,256,3,0.0001,0.3,True,200,96.81999999999996,39.281235498880726,53.92022008253095,549.5637876987457,cuda:1,Success,0.75,2.0,Focal
LSTM-XLarge-LR1e4-W200,256,3,0.0001,0.3,True,200,96.6900000000002,40.86418111522715,54.03973509933775,548.936267375946,cuda:1,Success,0.75,3.0,Focal
LSTM-XLarge-LR1e4-W200,256,3,0.0001,0.3,True,200,96.80000000000028,39.584491597444966,54.24657534246575,545.9639894962311,cuda:1,Success,0.75,1.0,Focal
LSTM-XLarge-LR1e4-W200,256,3,0.0001,0.3,True,200,96.90999999999988,40.6985008132381,55.342465753424655,471.0047912597656,cuda:1,Success,0.5,5.0,Focal
LSTM-XLarge-LR1e4-W200,256,3,0.0001,0.3,True,200,97.04999999999991,41.080519433297745,55.93220338983051,472.4527916908264,cuda:1,Success,0.5,2.0,Focal
LSTM-XLarge-LR1e4-W200,256,3,0.0001,0.3,True,200,96.8899999999997,39.73290975885044,54.166666666666664,473.6707708835602,cuda:1,Success,0.5,3.0,Focal
LSTM-XLarge-LR1e4-W500,256,3,0.0001,0.3,True,500,96.88000000000022,43.55935398167971,56.14035087719298,696.2292065620422,cuda:1,Success,0.75,5.0,Focal
LSTM-XLarge-LR1e4-W500,256,3,0.0001,0.3,True,500,96.92000000000003,42.6715435227288,55.00705218617772,708.4374504089355,cuda:1,Success,0.75,2.0,Focal
LSTM-XLarge-LR1e4-W500,256,3,0.0001,0.3,True,500,96.84000000000023,41.42624176900206,54.86968449931413,721.5475044250488,cuda:1,Success,0.75,3.0,Focal
LSTM-XLarge-LR1e4-W500,256,3,0.0001,0.3,True,500,96.72000000000011,40.76355744979128,53.16804407713498,758.3930757045746,cuda:1,Success,0.75,1.0,Focal
LSTM-XLarge-LR1e4-W500,256,3,0.0001,0.3,True,500,96.8900000000002,40.03605489647944,53.23741007194245,770.8108401298523,cuda:1,Success,0.5,5.0,Focal
LSTM-XLarge-LR1e4-W500,256,3,0.0001,0.3,True,500,97.02999999999999,41.27924952972391,55.39358600583091,769.5959422588348,cuda:1,Success,0.5,2.0,Focal
LSTM-XLarge-LR1e4-W500,256,3,0.0001,0.3,True,500,97.04999999999984,42.82257555596496,55.988455988455975,770.4795076847076,cuda:1,Success,0.5,3.0,Focal
LSTM-XLarge-LR5e5-W100,256,3,5e-05,0.3,True,100,96.86000000000008,41.9071069555825,55.94594594594595,505.1728301048279,cuda:1,Success,0.75,5.0,Focal
LSTM-XLarge-LR5e5-W100,256,3,5e-05,0.3,True,100,96.91000000000005,42.493458816952796,55.80110497237569,504.939133644104,cuda:1,Success,0.75,2.0,Focal
LSTM-XLarge-LR5e5-W100,256,3,5e-05,0.3,True,100,96.78000000000003,41.49680174537886,54.47154471544715,508.2039461135864,cuda:1,Success,0.75,3.0,Focal
LSTM-XLarge-LR5e5-W100,256,3,5e-05,0.3,True,100,97.0100000000001,42.76252978852597,56.78321678321677,507.65176033973694,cuda:1,Success,0.75,1.0,Focal
LSTM-XLarge-LR5e5-W100,256,3,5e-05,0.3,True,100,97.23000000000002,41.712390757084435,57.817109144542776,509.2006423473358,cuda:1,Success,0.5,5.0,Focal
LSTM-XLarge-LR5e5-W100,256,3,5e-05,0.3,True,100,97.08000000000013,40.820741237581935,55.895196506550214,507.60827708244324,cuda:1,Success,0.5,2.0,Focal
LSTM-XLarge-LR5e5-W100,256,3,5e-05,0.3,True,100,97.08000000000003,41.086769356000126,56.313497822931794,509.0983533859253,cuda:1,Success,0.5,3.0,Focal
LSTM-XLarge-LR5e5-W200,256,3,5e-05,0.3,True,200,96.83000000000001,41.126293922042606,55.3191489361702,588.678320646286,cuda:1,Success,0.75,5.0,Focal
LSTM-XLarge-LR5e5-W200,256,3,5e-05,0.3,True,200,96.60999999999979,39.170559685679265,52.81501340482574,589.0698478221893,cuda:1,Success,0.75,2.0,Focal
LSTM-XLarge-LR5e5-W200,256,3,5e-05,0.3,True,200,96.65999999999981,40.48223923258716,53.968253968253975,588.5299732685089,cuda:1,Success,0.75,3.0,Focal
LSTM-XLarge-LR5e5-W200,256,3,5e-05,0.3,True,200,96.76000000000016,41.767673810895936,55.86297760210803,587.9467520713806,cuda:1,Success,0.75,1.0,Focal
LSTM-XLarge-LR5e5-W200,256,3,5e-05,0.3,True,200,97.08000000000028,41.83638238349046,56.90140845070424,583.6987929344177,cuda:1,Success,0.5,5.0,Focal
LSTM-XLarge-LR5e5-W200,256,3,5e-05,0.3,True,200,96.97000000000024,41.084936745655675,55.714285714285715,514.5975606441498,cuda:1,Success,0.5,2.0,Focal
LSTM-XLarge-LR5e5-W200,256,3,5e-05,0.3,True,200,96.95999999999988,41.381988107409704,55.68181818181819,517.1727509498596,cuda:1,Success,0.5,3.0,Focal
LSTM-XLarge-LR5e5-W500,256,3,5e-05,0.3,True,500,96.88999999999996,44.70275781121656,57.1808510638298,752.6175038814545,cuda:1,Success,0.75,5.0,Focal
LSTM-XLarge-LR5e5-W500,256,3,5e-05,0.3,True,500,96.76000000000026,41.36951200196407,54.891304347826086,752.5690596103668,cuda:1,Success,0.75,2.0,Focal
LSTM-XLarge-LR5e5-W500,256,3,5e-05,0.3,True,500,96.78000000000037,40.97392344912969,53.898768809849514,752.1956167221069,cuda:1,Success,0.75,3.0,Focal
LSTM-XLarge-LR5e5-W500,256,3,5e-05,0.3,True,500,96.77999999999997,42.79958184586615,55.13513513513513,493.0839295387268,cuda:1,Success,0.75,1.0,Focal
LSTM-XLarge-LR5e5-W500,256,3,5e-05,0.3,True,500,97.12000000000026,44.43510931224697,58.34502103786817,377.81488728523254,cuda:1,Success,0.5,5.0,Focal
LSTM-XLarge-LR5e5-W500,256,3,5e-05,0.3,True,500,96.96,39.9395876332649,54.571843251088524,377.9657917022705,cuda:1,Success,0.5,2.0,Focal
LSTM-XLarge-LR5e5-W500,256,3,5e-05,0.3,True,500,96.97000000000014,41.19490180077028,54.70332850940667,377.15991377830505,cuda:1,Success,0.5,3.0,Focal
LSTM-Medium-Uni-LR1e3-W200,128,2,0.001,0.3,False,200,96.9900000000003,42.47495268734248,57.02479338842974,192.34664177894592,cuda:1,Success,0.75,5.0,Focal
LSTM-Medium-Uni-LR1e3-W200,128,2,0.001,0.3,False,200,97.20000000000016,43.8675149036061,58.23863636363637,193.7745177745819,cuda:1,Success,0.75,2.0,Focal
LSTM-Medium-Uni-LR1e3-W200,128,2,0.001,0.3,False,200,97.2400000000002,44.54256245059709,59.57446808510639,186.7330892086029,cuda:1,Success,0.75,3.0,Focal
LSTM-Medium-Uni-LR1e3-W200,128,2,0.001,0.3,False,200,97.06999999999992,42.37149571541586,57.18349928876246,186.98353147506714,cuda:1,Success,0.75,1.0,Focal
LSTM-Medium-Uni-LR1e3-W200,128,2,0.001,0.3,False,200,97.20000000000016,42.96123282190698,58.22416302765648,186.51077556610107,cuda:1,Success,0.5,5.0,Focal
LSTM-Medium-Uni-LR1e3-W200,128,2,0.001,0.3,False,200,97.31999999999998,43.98069010578119,60.143884892086334,186.93742871284485,cuda:1,Success,0.5,2.0,Focal
LSTM-Medium-Uni-LR1e3-W200,128,2,0.001,0.3,False,200,97.2800000000001,43.268460293275155,58.68613138686132,329.0304980278015,cuda:0,Success,0.5,3.0,Focal
LSTM-Medium-Uni-LR5e4-W200,128,2,0.0005,0.3,False,200,96.99000000000046,43.30192647944871,57.75978407557355,328.21300172805786,cuda:0,Success,0.75,5.0,Focal
LSTM-Medium-Uni-LR5e4-W200,128,2,0.0005,0.3,False,200,96.85000000000005,41.56121275540513,55.04840940525588,328.64754486083984,cuda:0,Success,0.75,2.0,Focal
LSTM-Medium-Uni-LR5e4-W200,128,2,0.0005,0.3,False,200,97.09000000000016,42.95803550782336,57.54189944134078,329.21387672424316,cuda:0,Success,0.75,3.0,Focal
LSTM-Medium-Uni-LR5e4-W200,128,2,0.0005,0.3,False,200,96.91999999999967,41.71469995616958,55.23012552301255,333.79978919029236,cuda:0,Success,0.75,1.0,Focal
LSTM-Medium-Uni-LR5e4-W200,128,2,0.0005,0.3,False,200,97.13999999999992,41.27254321737382,56.559766763848394,262.85749793052673,cuda:0,Success,0.5,5.0,Focal
LSTM-Medium-Uni-LR5e4-W200,128,2,0.0005,0.3,False,200,97.01999999999977,41.22571124758577,55.873925501432666,191.1231529712677,cuda:0,Success,0.5,2.0,Focal
LSTM-Medium-Uni-LR5e4-W200,128,2,0.0005,0.3,False,200,97.15999999999983,42.19933995348559,57.05967976710335,193.00088000297546,cuda:0,Success,0.5,3.0,Focal
LSTM-Medium-Uni-LR1e4-W200,128,2,0.0001,0.3,False,200,96.99999999999993,43.84801064387538,58.490566037735846,188.4155752658844,cuda:0,Success,0.75,5.0,Focal
LSTM-Medium-Uni-LR1e4-W200,128,2,0.0001,0.3,False,200,97.12999999999987,46.227237052564654,60.63829787234043,188.24376916885376,cuda:0,Success,0.75,2.0,Focal
LSTM-Medium-Uni-LR1e4-W200,128,2,0.0001,0.3,False,200,97.12000000000023,44.97768672988479,60.215053763440864,186.45167231559753,cuda:0,Success,0.75,3.0,Focal
LSTM-Medium-Uni-LR1e4-W200,128,2,0.0001,0.3,False,200,97.09000000000007,44.864114380243414,60.13245033112583,192.94293665885925,cuda:0,Success,0.75,1.0,Focal
LSTM-Medium-Uni-LR1e4-W200,128,2,0.0001,0.3,False,200,97.36000000000004,43.91819561271012,60.14598540145985,187.50314259529114,cuda:0,Success,0.5,5.0,Focal
LSTM-Medium-Uni-LR1e4-W200,128,2,0.0001,0.3,False,200,97.37000000000005,44.85365209787326,61.142857142857146,191.99779105186462,cuda:0,Success,0.5,2.0,Focal
LSTM-Medium-Uni-LR1e4-W200,128,2,0.0001,0.3,False,200,97.45000000000039,45.401141874455256,61.95965417867436,189.99747800827026,cuda:0,Success,0.5,3.0,Focal
